URL,cookie_name,cookie_value,domain,path,expiry,secure,httpOnly,sameSite,size,server,HSTS,X-Frame-Options,CSP,HTTPS
milkblues.com,_tracking_consent,%7B%22con%22%3A%7B%22CMP%22%3A%7B%22a%22%3A%22%22%2C%22m%22%3A%22%22%2C%22p%22%3A%22%22%2C%22s%22%3A%22%22%7D%7D%2C%22v%22%3A%222.1%22%2C%22region%22%3A%22PELMA%22%2C%22reg%22%3A%22%22%2C%22purposes%22%3A%7B%22a%22%3Atrue%2C%22p%22%3Atrue%2C%22m%22%3Atrue%2C%22t%22%3Atrue%7D%2C%22display_banner%22%3Afalse%2C%22sale_of_data_region%22%3Afalse%7D,.milkblues.com,/,1759993990,False,False,Lax,345,cloudflare,max-age=7889238,DENY,block-all-mixed-content; frame-ancestors 'none'; upgrade-insecure-requests;,Yes
milkblues.com,_gcl_au,1.1.1592156260.1728457991,.milkblues.com,/,1736233990,False,False,Lax,25,cloudflare,max-age=7889238,DENY,block-all-mixed-content; frame-ancestors 'none'; upgrade-insecure-requests;,Yes
milkblues.com,_fbp,fb.1.1728457989798.528889843784464257,.milkblues.com,/,1736233990,False,False,Lax,37,cloudflare,max-age=7889238,DENY,block-all-mixed-content; frame-ancestors 'none'; upgrade-insecure-requests;,Yes
milkblues.com,_ga_FQ3LL645MJ,GS1.1.1728457990.1.0.1728457990.0.0.0,.milkblues.com,/,1763017990,False,False,Lax,37,cloudflare,max-age=7889238,DENY,block-all-mixed-content; frame-ancestors 'none'; upgrade-insecure-requests;,Yes
milkblues.com,unique_interaction_id,f07ef7c1-5a0e-45f7-a7e1-fdc99f5c7494,milkblues.com,/,1728458590,False,False,Lax,36,cloudflare,max-age=7889238,DENY,block-all-mixed-content; frame-ancestors 'none'; upgrade-insecure-requests;,Yes
milkblues.com,cart_sig,5c30d1d36e2474fcded77bc397c1607a,milkblues.com,/,1731136390,False,True,Lax,32,cloudflare,max-age=7889238,DENY,block-all-mixed-content; frame-ancestors 'none'; upgrade-insecure-requests;,Yes
milkblues.com,_ga,GA1.1.892257172.1728457990,.milkblues.com,/,1763017990,False,False,Lax,26,cloudflare,max-age=7889238,DENY,block-all-mixed-content; frame-ancestors 'none'; upgrade-insecure-requests;,Yes
milkblues.com,_gat,1,.milkblues.com,/,1728458050,False,False,Lax,1,cloudflare,max-age=7889238,DENY,block-all-mixed-content; frame-ancestors 'none'; upgrade-insecure-requests;,Yes
milkblues.com,_shopify_sa_t,2024-10-09T07%3A13%3A09.846Z,.milkblues.com,/,1728459789,False,False,Lax,28,cloudflare,max-age=7889238,DENY,block-all-mixed-content; frame-ancestors 'none'; upgrade-insecure-requests;,Yes
milkblues.com,_gat_UA-73769597-32,1,.milkblues.com,/,1728458050,False,False,Lax,1,cloudflare,max-age=7889238,DENY,block-all-mixed-content; frame-ancestors 'none'; upgrade-insecure-requests;,Yes
milkblues.com,_cmp_a,%7B%22purposes%22%3A%7B%22a%22%3Atrue%2C%22p%22%3Atrue%2C%22m%22%3Atrue%2C%22t%22%3Atrue%7D%2C%22display_banner%22%3Afalse%2C%22sale_of_data_region%22%3Afalse%7D,.milkblues.com,/,1728544390,False,False,Lax,161,cloudflare,max-age=7889238,DENY,block-all-mixed-content; frame-ancestors 'none'; upgrade-insecure-requests;,Yes
milkblues.com,cart_ts,1728457990,milkblues.com,/,1731136390,False,True,Lax,10,cloudflare,max-age=7889238,DENY,block-all-mixed-content; frame-ancestors 'none'; upgrade-insecure-requests;,Yes
milkblues.com,cart,Z2NwLXVzLWVhc3QxOjAxSjlSMVpSNDFZSkVQR1dXOFRRRDZGM0ND%3Fkey%3D31cf29b14d59df5586a487ba7285322d,milkblues.com,/,1731136390,False,False,Lax,93,cloudflare,max-age=7889238,DENY,block-all-mixed-content; frame-ancestors 'none'; upgrade-insecure-requests;,Yes
milkblues.com,_shopify_s,24285b62-013e-4227-9d5f-cb4545759d01,.milkblues.com,/,1728459792,False,False,Lax,36,cloudflare,max-age=7889238,DENY,block-all-mixed-content; frame-ancestors 'none'; upgrade-insecure-requests;,Yes
milkblues.com,_gid,GA1.2.1320638588.1728457990,.milkblues.com,/,1728544390,False,False,Lax,27,cloudflare,max-age=7889238,DENY,block-all-mixed-content; frame-ancestors 'none'; upgrade-insecure-requests;,Yes
milkblues.com,_orig_referrer,,.milkblues.com,/,1729667588,False,True,Lax,0,cloudflare,max-age=7889238,DENY,block-all-mixed-content; frame-ancestors 'none'; upgrade-insecure-requests;,Yes
milkblues.com,_landing_page,%2F,.milkblues.com,/,1729667588,False,True,Lax,3,cloudflare,max-age=7889238,DENY,block-all-mixed-content; frame-ancestors 'none'; upgrade-insecure-requests;,Yes
milkblues.com,_shopify_y,eda569fa-e877-46c0-8e5a-fa65ebdc38b5,.milkblues.com,/,1759993992,False,False,Lax,36,cloudflare,max-age=7889238,DENY,block-all-mixed-content; frame-ancestors 'none'; upgrade-insecure-requests;,Yes
milkblues.com,secure_customer_sig,,milkblues.com,/,1759993992,True,True,Lax,0,cloudflare,max-age=7889238,DENY,block-all-mixed-content; frame-ancestors 'none'; upgrade-insecure-requests;,Yes
milkblues.com,keep_alive,afd17486-bba5-4db1-8a30-8006456c50f7,milkblues.com,/,1728459790,False,True,Lax,36,cloudflare,max-age=7889238,DENY,block-all-mixed-content; frame-ancestors 'none'; upgrade-insecure-requests;,Yes
milkblues.com,_ga_BPWHV0HP4P,GS1.1.1728457990.1.0.1728457990.60.0.0,.milkblues.com,/,1763017990,False,False,Lax,38,cloudflare,max-age=7889238,DENY,block-all-mixed-content; frame-ancestors 'none'; upgrade-insecure-requests;,Yes
milkblues.com,_shopify_sa_p,,.milkblues.com,/,1728459789,False,False,Lax,0,cloudflare,max-age=7889238,DENY,block-all-mixed-content; frame-ancestors 'none'; upgrade-insecure-requests;,Yes
milkblues.com,dynamic_checkout_shown_on_cart,1,milkblues.com,/,,False,False,Lax,1,cloudflare,max-age=7889238,DENY,block-all-mixed-content; frame-ancestors 'none'; upgrade-insecure-requests;,Yes
milkblues.com,localization,PE,milkblues.com,/,1759993990,False,False,Lax,2,cloudflare,max-age=7889238,DENY,block-all-mixed-content; frame-ancestors 'none'; upgrade-insecure-requests;,Yes
mouser.pe,_abck,E6DB774B5DCDE890443F07116398A039~-1~YAAQLx3VF+4NB2+SAQAAnAcgcAxqXRYkA0knPz3JjPL8AnN8Pb9fnb7SSX71npGTzQhJpaO7bmIG1Mi7jqDyImQq/SLzV/A4sg7+R3YgSpApDjRVJeB1sHN9UEO9Irm/xR1LF2YCUgYoubuDI7HrF/ksb++grNk3tnBwnjzSiRgajxjiGADl6NARxrhRiZEdIj6kwSRIQARmU3+kVGbtmwh0gxmQHVSFNqC2erFz7nLlNRuANn79qrbGkQdh4IPK0e/voTOFnQn33Z8tyef1d9Y2yCPxoVFHFtiC16cg0XsHuz1OB8iguKcWfUucdnZ1fI7lwreMcFnTXxq3YY6Xe13sWkcaW1YziZqNc2Mf654HAaOSW3y2sIaLak8sFiNlfQvFRY6B2P0Xn0c/q+RjfC5t5X/vQY+ifcF6Er0DLEYJQDgFOMxmOLrJ+5nnZvpcL53e1NXu~-1~||0||~-1,.mouser.pe,/,1759994000,True,False,None,504,No Data,No Data,No Data,No Data,Yes
mouser.pe,bm_sz,9EC9D821D05589ED74BC24BE773207AF~YAAQLx3VF+cNB2+SAQAAqgIgcBm0rZwE7cu+rsl/eGBR4GMykEEAlUaSExyH+eGN2CCfv4Eo3LI98ZgzZoOIM0aRnewjeW2OWyq71F7eDnO3KH2ZeztDYFCCGqXPByz0VGFlhWTduL7pwXxOHbCyLze/gQNHwBH2ulVR4F6AseVlmiDLvNJl7jy/f2Nd501dKvRV9aj5aNyz/EH9+uNgJJ3oi3kKjiOVR+HyuBT1uELjkKOXcX/ODScgS81J7D0J54UCQUg0YwmvudzecHCMWzCfto6SiF0Ayo7bf4D29evkGpXGs+K4Z/jnhxXw79l4AXu5aGGICRKc+23LaUqvnymSnhHnS7Jm5vQ0LTcSmBzgeeTaiVPYiQay4JJGh2wpiPaiQxHjmLAK6Q==~3228213~3162933,.mouser.pe,/,1728472395,True,False,None,449,No Data,No Data,No Data,No Data,Yes
mouser.pe,akacd_Default_PR,3905910794~rv=24~id=ea2c277a9e37ef60ca5d28bbf23f0d53,www.mouser.pe,/,,True,False,None,52,No Data,No Data,No Data,No Data,Yes
mouser.pe,datadome,X8X6Gb45qa8dMQmMUNAfKpuPOzAbFr073RqtjJlIPoKKrEb3FLs53428Uv3WJi0rCgn6PL9Asllv_uddEhZZwRMEPiOUZG6eDVKY6RyXpU4KdTDn9yPuA~Ari~9jB2sj,.mouser.pe,/,1759993999,True,False,None,128,No Data,No Data,No Data,No Data,Yes
dc.com.pe,_fbp,fb.1.1728458016442.200178766910318818,.dolcecapriccio.pe,/,1736234016,False,False,Lax,37,No Data,No Data,No Data,No Data,Yes
dc.com.pe,nasa_curent_per_shipping,0,dolcecapriccio.pe,/,1729062816,False,False,Lax,1,No Data,No Data,No Data,No Data,Yes
dc.com.pe,_ga,GA1.1.809403233.1728458016,.dolcecapriccio.pe,/,1763018016,False,False,Lax,26,No Data,No Data,No Data,No Data,Yes
dc.com.pe,sbjs_session,pgs%3D1%7C%7C%7Ccpg%3Dhttps%3A%2F%2Fdolcecapriccio.pe%2F,.dolcecapriccio.pe,/,1728459815,False,False,Lax,56,No Data,No Data,No Data,No Data,Yes
dc.com.pe,sbjs_first,typ%3Dtypein%7C%7C%7Csrc%3D%28direct%29%7C%7C%7Cmdm%3D%28none%29%7C%7C%7Ccmp%3D%28none%29%7C%7C%7Ccnt%3D%28none%29%7C%7C%7Ctrm%3D%28none%29%7C%7C%7Cid%3D%28none%29,.dolcecapriccio.pe,/,,False,False,Lax,163,No Data,No Data,No Data,No Data,Yes
dc.com.pe,sbjs_current_add,fd%3D2024-10-09%2007%3A13%3A35%7C%7C%7Cep%3Dhttps%3A%2F%2Fdolcecapriccio.pe%2F%7C%7C%7Crf%3D%28none%29,.dolcecapriccio.pe,/,,False,False,Lax,102,No Data,No Data,No Data,No Data,Yes
dc.com.pe,sbjs_current,typ%3Dtypein%7C%7C%7Csrc%3D%28direct%29%7C%7C%7Cmdm%3D%28none%29%7C%7C%7Ccmp%3D%28none%29%7C%7C%7Ccnt%3D%28none%29%7C%7C%7Ctrm%3D%28none%29%7C%7C%7Cid%3D%28none%29,.dolcecapriccio.pe,/,,False,False,Lax,163,No Data,No Data,No Data,No Data,Yes
dc.com.pe,sbjs_migrations,1418474375998%3D1,.dolcecapriccio.pe,/,,False,False,Lax,17,No Data,No Data,No Data,No Data,Yes
dc.com.pe,_ga_M4JDSJDKX0,GS1.1.1728458016.1.0.1728458016.0.0.0,.dolcecapriccio.pe,/,1763018016,False,False,Lax,37,No Data,No Data,No Data,No Data,Yes
dc.com.pe,sbjs_udata,vst%3D1%7C%7C%7Cuip%3D%28none%29%7C%7C%7Cuag%3DMozilla%2F5.0%20%28X11%3B%20Linux%20x86_64%29%20AppleWebKit%2F537.36%20%28KHTML%2C%20like%20Gecko%29%20HeadlessChrome%2F129.0.0.0%20Safari%2F537.36,.dolcecapriccio.pe,/,,False,False,Lax,194,No Data,No Data,No Data,No Data,Yes
dc.com.pe,sbjs_first_add,fd%3D2024-10-09%2007%3A13%3A35%7C%7C%7Cep%3Dhttps%3A%2F%2Fdolcecapriccio.pe%2F%7C%7C%7Crf%3D%28none%29,.dolcecapriccio.pe,/,,False,False,Lax,102,No Data,No Data,No Data,No Data,Yes
dc.com.pe,dc_checkout_addons_selected_shipping_method,pickup,dolcecapriccio.pe,/,,True,False,Lax,6,No Data,No Data,No Data,No Data,Yes
kayser.pe,_gid,GA1.2.1999510826.1728458027,.kayser.pe,/,1728544427,False,False,Lax,27,nginx,max-age=15768000,SAMEORIGIN,upgrade-insecure-requests,Yes
kayser.pe,_gat_gtag_UA_174006808_1,1,.kayser.pe,/,1728458087,False,False,Lax,1,nginx,max-age=15768000,SAMEORIGIN,upgrade-insecure-requests,Yes
kayser.pe,_ga,GA1.2.200863372.1728458027,.kayser.pe,/,1763018027,False,False,Lax,26,nginx,max-age=15768000,SAMEORIGIN,upgrade-insecure-requests,Yes
kayser.pe,_fbp,fb.1.1728458027109.627824269767448341,.kayser.pe,/,1736234027,False,False,Lax,37,nginx,max-age=15768000,SAMEORIGIN,upgrade-insecure-requests,Yes
kayser.pe,_gcl_au,1.1.832336749.1728458027,.kayser.pe,/,1736234026,False,False,Lax,24,nginx,max-age=15768000,SAMEORIGIN,upgrade-insecure-requests,Yes
kayser.pe,_ga_RRHH36T98G,GS1.1.1728458026.1.0.1728458026.60.0.276370728,.kayser.pe,/,1763018026,False,False,Lax,46,nginx,max-age=15768000,SAMEORIGIN,upgrade-insecure-requests,Yes
dji.pe,recently_compared_product_previous,%7B%7D,dji.pe,/,1728544433,False,False,Lax,6,nginx/1.22.1,No Data,SAMEORIGIN,No Data,Yes
dji.pe,recently_compared_product,%7B%7D,dji.pe,/,1728544433,False,False,Lax,6,nginx/1.22.1,No Data,SAMEORIGIN,No Data,Yes
dji.pe,mage-messages,,dji.pe,/,1728544433,False,False,Lax,0,nginx/1.22.1,No Data,SAMEORIGIN,No Data,Yes
dji.pe,_gat,1,.dji.pe,/,1728458093,False,False,Lax,1,nginx/1.22.1,No Data,SAMEORIGIN,No Data,Yes
dji.pe,recently_viewed_product,%7B%7D,dji.pe,/,1728544433,False,False,Lax,6,nginx/1.22.1,No Data,SAMEORIGIN,No Data,Yes
dji.pe,form_key,TrDQh4vkvj9qipro,dji.pe,/,,False,False,Lax,16,nginx/1.22.1,No Data,SAMEORIGIN,No Data,Yes
dji.pe,mage-cache-sessid,true,dji.pe,/,1728544433,False,False,Lax,4,nginx/1.22.1,No Data,SAMEORIGIN,No Data,Yes
dji.pe,mage-cache-storage-section-invalidation,%7B%7D,dji.pe,/,1728544433,False,False,Lax,6,nginx/1.22.1,No Data,SAMEORIGIN,No Data,Yes
dji.pe,mage-cache-storage,%7B%7D,dji.pe,/,1728544433,False,False,Lax,6,nginx/1.22.1,No Data,SAMEORIGIN,No Data,Yes
dji.pe,product_data_storage,%7B%7D,dji.pe,/,1728544433,False,False,Lax,6,nginx/1.22.1,No Data,SAMEORIGIN,No Data,Yes
dji.pe,_ga_YRF320YF4W,GS1.1.1728458033.1.0.1728458033.0.0.0,.dji.pe,/,1763018033,False,False,Lax,37,nginx/1.22.1,No Data,SAMEORIGIN,No Data,Yes
dji.pe,_ttp,9NyZ_JX97BX5BHFAA3TxudgMlUH,.dji.pe,/,1762154033,False,False,Lax,27,nginx/1.22.1,No Data,SAMEORIGIN,No Data,Yes
dji.pe,recently_viewed_product_previous,%7B%7D,dji.pe,/,1728544433,False,False,Lax,6,nginx/1.22.1,No Data,SAMEORIGIN,No Data,Yes
dji.pe,_tt_enable_cookie,1,.dji.pe,/,1762154033,False,False,Lax,1,nginx/1.22.1,No Data,SAMEORIGIN,No Data,Yes
dji.pe,_ga_JE18V60YB2,GS1.1.1728458031.1.0.1728458032.59.0.0,.dji.pe,/,1763018032,False,False,Lax,38,nginx/1.22.1,No Data,SAMEORIGIN,No Data,Yes
dji.pe,_gat_gtag_UA_236996086_1,1,.dji.pe,/,1728458092,False,False,Lax,1,nginx/1.22.1,No Data,SAMEORIGIN,No Data,Yes
dji.pe,X-Magento-Vary,9e3ffb41bfb757d6150aefc5bc0625289145ee73,dji.pe,/,1728544430,True,True,Lax,40,nginx/1.22.1,No Data,SAMEORIGIN,No Data,Yes
dji.pe,_gid,GA1.2.584437828.1728458032,.dji.pe,/,1728544433,False,False,Lax,26,nginx/1.22.1,No Data,SAMEORIGIN,No Data,Yes
dji.pe,_fbp,fb.1.1728458034107.841691083356053210,.dji.pe,/,1736234034,False,False,Lax,37,nginx/1.22.1,No Data,SAMEORIGIN,No Data,Yes
dji.pe,_ga_4D55XMNW2P,GS1.1.1728458031.1.0.1728458031.0.0.0,.dji.pe,/,1763018031,False,False,Lax,37,nginx/1.22.1,No Data,SAMEORIGIN,No Data,Yes
dji.pe,_ga,GA1.2.1769096284.1728458031,.dji.pe,/,1763018033,False,False,Lax,27,nginx/1.22.1,No Data,SAMEORIGIN,No Data,Yes
dji.pe,_gcl_au,1.1.989490510.1728458032,.dji.pe,/,1736234032,False,False,Lax,24,nginx/1.22.1,No Data,SAMEORIGIN,No Data,Yes
dji.pe,PHPSESSID,991clgq6j9l7rppbt1opnkgeqr,.dji.pe,/,1728544430,True,True,Lax,26,nginx/1.22.1,No Data,SAMEORIGIN,No Data,Yes
electrolux.com.pe,_ga,GA1.1.1622348799.1728458040,.electrolux.com.pe,/,1763018040,False,False,Lax,27,No Data,max-age=15552000,SAMEORIGIN,No Data,Yes
electrolux.com.pe,_ga_NQWJFYLELN,GS1.1.1728458040.1.0.1728458040.60.0.0,.electrolux.com.pe,/,1763018040,False,False,Lax,38,No Data,max-age=15552000,SAMEORIGIN,No Data,Yes
electrolux.com.pe,_gcl_au,1.1.1417607267.1728458040,.electrolux.com.pe,/,1736234039,False,False,Lax,25,No Data,max-age=15552000,SAMEORIGIN,No Data,Yes
electrolux.com.pe,vtex-search-anonymous,7bca57e27c144b2a9a7e0aa74c74ec01,.electrolux.com.pe,/,1759994041,False,False,Lax,32,No Data,max-age=15552000,SAMEORIGIN,No Data,Yes
electrolux.com.pe,VtexWorkspace,master%3A-,www.electrolux.com.pe,/,1728544437,True,False,None,10,No Data,max-age=15552000,SAMEORIGIN,No Data,Yes
electrolux.com.pe,vtex-search-session,a1db2206afbb4af4bd4f6cae653abbc0,.electrolux.com.pe,/,1728459841,False,False,Lax,32,No Data,max-age=15552000,SAMEORIGIN,No Data,Yes
electrolux.com.pe,vtex_segment,eyJjYW1wYWlnbnMiOm51bGwsImNoYW5uZWwiOiIxIiwicHJpY2VUYWJsZXMiOm51bGwsInJlZ2lvbklkIjpudWxsLCJ1dG1fY2FtcGFpZ24iOm51bGwsInV0bV9zb3VyY2UiOm51bGwsInV0bWlfY2FtcGFpZ24iOm51bGwsImN1cnJlbmN5Q29kZSI6IlBFTiIsImN1cnJlbmN5U3ltYm9sIjoiUy8iLCJjb3VudHJ5Q29kZSI6IlBFUiIsImN1bHR1cmVJbmZvIjoiZXMtUEUiLCJjaGFubmVsUHJpdmFjeSI6InB1YmxpYyJ9,www.electrolux.com.pe,/,1728890040,True,True,Lax,316,No Data,max-age=15552000,SAMEORIGIN,No Data,Yes
electrolux.com.pe,vtex_session,eyJhbGciOiJFUzI1NiIsImtpZCI6IkVFQUIwNTBEODZGQ0MzN0RENzJGNzk4NjE5NDVDMjNCRkM5MEI4QTEiLCJ0eXAiOiJqd3QifQ.eyJhY2NvdW50LmlkIjoiMTJmNDYyMDQtOWRhNC00NDdkLWJiZjQtZjg4NWU2MmJhNDNmIiwiaWQiOiI3MzZmMmZmZC1mZGJhLTQxNDctOTAxZi1lOTA4YWU0NjYyYzgiLCJ2ZXJzaW9uIjoyLCJzdWIiOiJzZXNzaW9uIiwiYWNjb3VudCI6InNlc3Npb24iLCJleHAiOjE3MjkxNDkyNDAsImlhdCI6MTcyODQ1ODA0MCwiaXNzIjoidG9rZW4tZW1pdHRlciIsImp0aSI6ImI4ZGFjMWZiLTQ0ODgtNDc2Ny1hNmI2LTkxZmE4ODJjZGU4NiJ9.x6goGXPbdXmKiGXrQ18aIOdz0PAA5ybsLX1TAbvDUPJU8igaM1rgLjL5XSSHHfraYjcDyrFCsQRkyOjk7rxdbQ,www.electrolux.com.pe,/,1728890040,True,True,Lax,518,No Data,max-age=15552000,SAMEORIGIN,No Data,Yes
electrolux.com.pe,janus_sid,5d7c561e-66cf-4002-b8d0-bfb7b2fbfe6d,.www.electrolux.com.pe,/,1728717229,False,False,Lax,36,No Data,max-age=15552000,SAMEORIGIN,No Data,Yes
vainsainnova.com.pe,__hssc,83232649.1.1728458050601,.vainsainnova.com.pe,/,1728459850,False,False,Lax,24,No Data,No Data,SAMEORIGIN,No Data,Yes
vainsainnova.com.pe,_ga_YRF320YF4W,GS1.1.1728458050.1.0.1728458050.0.0.0,.vainsainnova.com.pe,/,1763018050,False,False,Lax,37,No Data,No Data,SAMEORIGIN,No Data,Yes
vainsainnova.com.pe,VtexWorkspace,master%3A-,www.vainsainnova.com.pe,/,1728544054,True,False,None,10,No Data,No Data,SAMEORIGIN,No Data,Yes
vainsainnova.com.pe,vk,639bb41c-2672-4ef6-89d1-89e219ee6a64,www.vainsainnova.com.pe,/,1763018049,True,False,None,36,No Data,No Data,SAMEORIGIN,No Data,Yes
vainsainnova.com.pe,_ga,GA1.1.29333007.1728458050,.vainsainnova.com.pe,/,1763018049,False,False,Lax,25,No Data,No Data,SAMEORIGIN,No Data,Yes
vainsainnova.com.pe,janus_sid,9d50b72d-0f07-4310-ad3d-f49f3e33fda0,.www.vainsainnova.com.pe,/,1728717239,False,False,Lax,36,No Data,No Data,SAMEORIGIN,No Data,Yes
vainsainnova.com.pe,VtexRCMacIdv7,695b3a91-ec0e-4961-9c4f-ce3c3d050dc8,.www.vainsainnova.com.pe,/,1759994049,False,False,Lax,36,No Data,No Data,SAMEORIGIN,No Data,Yes
vainsainnova.com.pe,spvc,1,www.vainsainnova.com.pe,/,1728459849,True,False,None,1,No Data,No Data,SAMEORIGIN,No Data,Yes
vainsainnova.com.pe,_ym_d,1728458049,.vainsainnova.com.pe,/,1759994049,True,False,None,10,No Data,No Data,SAMEORIGIN,No Data,Yes
vainsainnova.com.pe,_fbp,fb.2.1728458049109.840682971193090429,.vainsainnova.com.pe,/,1736234049,False,False,Lax,37,No Data,No Data,SAMEORIGIN,No Data,Yes
vainsainnova.com.pe,checkout.vtex.com,__ofid=5021c2c880cc401489e417feb8b2c6f3,.www.vainsainnova.com.pe,/,1744010048,True,True,Lax,39,No Data,No Data,SAMEORIGIN,No Data,Yes
vainsainnova.com.pe,_ym_isad,2,.vainsainnova.com.pe,/,1728530049,True,False,None,1,No Data,No Data,SAMEORIGIN,No Data,Yes
vainsainnova.com.pe,__hssrc,1,.vainsainnova.com.pe,/,,False,False,Lax,1,No Data,No Data,SAMEORIGIN,No Data,Yes
vainsainnova.com.pe,vtex-search-anonymous,a6060eacf5f34efbb441babd485c89d3,.vainsainnova.com.pe,/,1759994048,False,False,Lax,32,No Data,No Data,SAMEORIGIN,No Data,Yes
vainsainnova.com.pe,_ga_D3WXRYM7CP,GS1.1.1728458049.1.0.1728458049.60.0.1581925796,.vainsainnova.com.pe,/,1763018049,False,False,Lax,47,No Data,No Data,SAMEORIGIN,No Data,Yes
vainsainnova.com.pe,__kla_id,eyJjaWQiOiJNelpqTVRkaE9UZ3RObUZsTUMwME16Wm1MV0V3WXpBdE9UWmhNR0poTm1ReU56Sm0iLCIkcmVmZXJyZXIiOnsidHMiOjE3Mjg0NTgwNDgsInZhbHVlIjoiIiwiZmlyc3RfcGFnZSI6Imh0dHBzOi8vd3d3LnZhaW5zYWlubm92YS5jb20ucGUvIn0sIiRsYXN0X3JlZmVycmVyIjp7InRzIjoxNzI4NDU4MDQ4LCJ2YWx1ZSI6IiIsImZpcnN0X3BhZ2UiOiJodHRwczovL3d3dy52YWluc2Fpbm5vdmEuY29tLnBlLyJ9fQ==,www.vainsainnova.com.pe,/,1763018047,False,False,Lax,324,No Data,No Data,SAMEORIGIN,No Data,Yes
vainsainnova.com.pe,_ttp,MCbSJCTYBnyl0w9MZ9sau0e8zHt,.vainsainnova.com.pe,/,1762154048,False,False,Lax,27,No Data,No Data,SAMEORIGIN,No Data,Yes
vainsainnova.com.pe,_tt_enable_cookie,1,.vainsainnova.com.pe,/,1762154048,False,False,Lax,1,No Data,No Data,SAMEORIGIN,No Data,Yes
vainsainnova.com.pe,_ym_visorc,w,.vainsainnova.com.pe,/,1728459849,True,False,None,1,No Data,No Data,SAMEORIGIN,No Data,Yes
vainsainnova.com.pe,vtex-search-session,0cbe92613e554599b08f71313bd11c03,.vainsainnova.com.pe,/,1728459848,False,False,Lax,32,No Data,No Data,SAMEORIGIN,No Data,Yes
vainsainnova.com.pe,vtex_session,eyJhbGciOiJFUzI1NiIsImtpZCI6IkQxOTdBNERDOENBMjdGQ0EzQjk3MjMwNjFGRDU4QjdGREI0QzI3NUUiLCJ0eXAiOiJqd3QifQ.eyJhY2NvdW50LmlkIjoiYzc2ZGE0YjctN2I3YS00ODI3LWE0YTktMDY1ODZjNDRlMjFjIiwiaWQiOiI2Y2QzNWZjNC02YWNiLTQwZTEtYjMyZi0yZTU5ZDk1ZTU5MDAiLCJ2ZXJzaW9uIjoyLCJzdWIiOiJzZXNzaW9uIiwiYWNjb3VudCI6InNlc3Npb24iLCJleHAiOjE3MjkxNDkyNDcsImlhdCI6MTcyODQ1ODA0NywiaXNzIjoidG9rZW4tZW1pdHRlciIsImp0aSI6IjBlYmU1ZjZkLTQ4ZGItNGUzNi05OGM3LTdhOTk4MzE1YTI0NCJ9.d_YnYqg36sVadwFBhIa52ciKJyBod7IAWQWJSy0_WIWvBGW2n2VrK2XTLHJtWOpnmmCYxEvjSTimdTUrQwP3_A,www.vainsainnova.com.pe,/,1728890048,True,True,Lax,518,No Data,No Data,SAMEORIGIN,No Data,Yes
vainsainnova.com.pe,sib_cuid,62daa2af-4fc5-4534-873a-d9e109ef54d2,.www.vainsainnova.com.pe,/,1744175647,False,False,Lax,36,No Data,No Data,SAMEORIGIN,No Data,Yes
vainsainnova.com.pe,sk,4238c905-d70e-4c57-b69f-7b33e6481db2,www.vainsainnova.com.pe,/,1728459849,True,False,None,36,No Data,No Data,SAMEORIGIN,No Data,Yes
vainsainnova.com.pe,vtex_segment,eyJjYW1wYWlnbnMiOm51bGwsImNoYW5uZWwiOiIxIiwicHJpY2VUYWJsZXMiOm51bGwsInJlZ2lvbklkIjpudWxsLCJ1dG1fY2FtcGFpZ24iOm51bGwsInV0bV9zb3VyY2UiOm51bGwsInV0bWlfY2FtcGFpZ24iOm51bGwsImN1cnJlbmN5Q29kZSI6IlBFTiIsImN1cnJlbmN5U3ltYm9sIjoiUy8iLCJjb3VudHJ5Q29kZSI6IlBFUiIsImN1bHR1cmVJbmZvIjoiZXMtUEUiLCJjaGFubmVsUHJpdmFjeSI6InB1YmxpYyJ9,www.vainsainnova.com.pe,/,1728890048,True,True,Lax,316,No Data,No Data,SAMEORIGIN,No Data,Yes
vainsainnova.com.pe,__hstc,83232649.cf071c9d238be1243ec198459dc96e29.1728458050601.1728458050601.1728458050601.1,.vainsainnova.com.pe,/,1744010050,False,False,Lax,85,No Data,No Data,SAMEORIGIN,No Data,Yes
vainsainnova.com.pe,_gcl_au,1.1.1946422971.1728458048,.vainsainnova.com.pe,/,1736234047,False,False,Lax,25,No Data,No Data,SAMEORIGIN,No Data,Yes
vainsainnova.com.pe,hubspotutk,cf071c9d238be1243ec198459dc96e29,.vainsainnova.com.pe,/,1744010050,False,False,Lax,32,No Data,No Data,SAMEORIGIN,No Data,Yes
vainsainnova.com.pe,_ym_uid,1728458049201044135,.vainsainnova.com.pe,/,1759994049,True,False,None,19,No Data,No Data,SAMEORIGIN,No Data,Yes
vainsainnova.com.pe,VtexRCSessionIdv7,9df0362f-0d13-4ad4-b277-81d66a39ea62,.www.vainsainnova.com.pe,/,1728459849,False,False,Lax,36,No Data,No Data,SAMEORIGIN,No Data,Yes
santanatura.com.pe,_ttp,5DsoQ0hkGusqMf3aEERqpa67ktm,.santanatura.com.pe,/,1762154055,False,False,Lax,27,Apache,No Data,No Data,No Data,Yes
santanatura.com.pe,_gcl_au,1.1.2069009736.1728458055,.santanatura.com.pe,/,1736234054,False,False,Lax,25,Apache,No Data,No Data,No Data,Yes
santanatura.com.pe,_fbp,fb.2.1728458054991.198167130141051038,.santanatura.com.pe,/,1736234054,False,False,Lax,37,Apache,No Data,No Data,No Data,Yes
santanatura.com.pe,sbjs_session,pgs%3D1%7C%7C%7Ccpg%3Dhttps%3A%2F%2Fsantanatura.com.pe%2F,.santanatura.com.pe,/,1728459854,False,False,Lax,57,Apache,No Data,No Data,No Data,Yes
santanatura.com.pe,_ga,GA1.1.467600454.1728458055,.santanatura.com.pe,/,1763018054,False,False,Lax,26,Apache,No Data,No Data,No Data,Yes
santanatura.com.pe,sbjs_current,typ%3Dtypein%7C%7C%7Csrc%3D%28direct%29%7C%7C%7Cmdm%3D%28none%29%7C%7C%7Ccmp%3D%28none%29%7C%7C%7Ccnt%3D%28none%29%7C%7C%7Ctrm%3D%28none%29%7C%7C%7Cid%3D%28none%29%7C%7C%7Cplt%3D%28none%29%7C%7C%7Cfmt%3D%28none%29%7C%7C%7Ctct%3D%28none%29,.santanatura.com.pe,/,,False,False,Lax,238,Apache,No Data,No Data,No Data,Yes
santanatura.com.pe,sbjs_first,typ%3Dtypein%7C%7C%7Csrc%3D%28direct%29%7C%7C%7Cmdm%3D%28none%29%7C%7C%7Ccmp%3D%28none%29%7C%7C%7Ccnt%3D%28none%29%7C%7C%7Ctrm%3D%28none%29%7C%7C%7Cid%3D%28none%29%7C%7C%7Cplt%3D%28none%29%7C%7C%7Cfmt%3D%28none%29%7C%7C%7Ctct%3D%28none%29,.santanatura.com.pe,/,,False,False,Lax,238,Apache,No Data,No Data,No Data,Yes
santanatura.com.pe,_ga_6SQ148L78X,GS1.1.1728458054.1.0.1728458054.60.0.0,.santanatura.com.pe,/,1763018054,False,False,Lax,38,Apache,No Data,No Data,No Data,Yes
santanatura.com.pe,sbjs_first_add,fd%3D2024-10-09%2007%3A14%3A14%7C%7C%7Cep%3Dhttps%3A%2F%2Fsantanatura.com.pe%2F%7C%7C%7Crf%3D%28none%29,.santanatura.com.pe,/,,False,False,Lax,103,Apache,No Data,No Data,No Data,Yes
santanatura.com.pe,_tt_enable_cookie,1,.santanatura.com.pe,/,1762154055,False,False,Lax,1,Apache,No Data,No Data,No Data,Yes
santanatura.com.pe,sbjs_udata,vst%3D1%7C%7C%7Cuip%3D%28none%29%7C%7C%7Cuag%3DMozilla%2F5.0%20%28X11%3B%20Linux%20x86_64%29%20AppleWebKit%2F537.36%20%28KHTML%2C%20like%20Gecko%29%20HeadlessChrome%2F129.0.0.0%20Safari%2F537.36,.santanatura.com.pe,/,,False,False,Lax,194,Apache,No Data,No Data,No Data,Yes
santanatura.com.pe,sbjs_current_add,fd%3D2024-10-09%2007%3A14%3A14%7C%7C%7Cep%3Dhttps%3A%2F%2Fsantanatura.com.pe%2F%7C%7C%7Crf%3D%28none%29,.santanatura.com.pe,/,,False,False,Lax,103,Apache,No Data,No Data,No Data,Yes
santanatura.com.pe,sbjs_migrations,1418474375998%3D1,.santanatura.com.pe,/,,False,False,Lax,17,Apache,No Data,No Data,No Data,Yes
fundacionwiese.org,_clsk,nzy2qh%7C1728458061468%7C1%7C1%7Cl.clarity.ms%2Fcollect,.fundacionwiese.org,/,1728544461,False,False,Lax,55,Apache/2.4.37 (Red Hat Enterprise Linux) OpenSSL/1.1.1k,No Data,No Data,No Data,Yes
fundacionwiese.org,_clck,1fxamy3%7C2%7Cfpv%7C0%7C1743,.fundacionwiese.org,/,1759994060,False,False,Lax,28,Apache/2.4.37 (Red Hat Enterprise Linux) OpenSSL/1.1.1k,No Data,No Data,No Data,Yes
fundacionwiese.org,_ga,GA1.2.871622964.1728458059,.fundacionwiese.org,/,1763018060,False,False,Lax,26,Apache/2.4.37 (Red Hat Enterprise Linux) OpenSSL/1.1.1k,No Data,No Data,No Data,Yes
fundacionwiese.org,_fbp,fb.1.1728458060471.962573651109483461,.fundacionwiese.org,/,1736234060,False,False,Lax,37,Apache/2.4.37 (Red Hat Enterprise Linux) OpenSSL/1.1.1k,No Data,No Data,No Data,Yes
fundacionwiese.org,_gat_gtag_UA_78698981_1,1,.fundacionwiese.org,/,1728458120,False,False,Lax,1,Apache/2.4.37 (Red Hat Enterprise Linux) OpenSSL/1.1.1k,No Data,No Data,No Data,Yes
fundacionwiese.org,_gat_UA-78698981-1,1,.fundacionwiese.org,/,1728458120,False,False,Lax,1,Apache/2.4.37 (Red Hat Enterprise Linux) OpenSSL/1.1.1k,No Data,No Data,No Data,Yes
fundacionwiese.org,_gid,GA1.2.321125969.1728458061,.fundacionwiese.org,/,1728544460,False,False,Lax,26,Apache/2.4.37 (Red Hat Enterprise Linux) OpenSSL/1.1.1k,No Data,No Data,No Data,Yes
fundacionwiese.org,_ga_HENNPXFPFP,GS1.1.1728458059.1.1.1728458059.60.0.0,.fundacionwiese.org,/,1763018059,False,False,Lax,38,Apache/2.4.37 (Red Hat Enterprise Linux) OpenSSL/1.1.1k,No Data,No Data,No Data,Yes
fundacionwiese.org,_gcl_au,1.1.1314602389.1728458060,.fundacionwiese.org,/,1736234059,False,False,Lax,25,Apache/2.4.37 (Red Hat Enterprise Linux) OpenSSL/1.1.1k,No Data,No Data,No Data,Yes
fundacionwiese.org,laravel_session,eyJpdiI6IldXcGhiS1dra1FSZWxzMW1UY3JvY2c9PSIsInZhbHVlIjoiVHZablp2ZWdNN1ZTNGM3QkVaZVVoNzRFc3N4a2ExZ3QvQmJ2T2hJQ0NBd0JaYjRUNnVOWkRyejRCNnNISHhkUHRFVHpVbmdsTm8yNVAzSXJuWUQ0Ny8yai8xTDNPWUNPOG5OeW96aEZJank5bEpwNGROSDBUZDR6RDRjNjZDTTAiLCJtYWMiOiJjNzZjN2M3MTgwMWFiYjg0MGMyNWVhZmYwZmRjNDEwZTZmYzJiMGUxYzgxY2JhNDY3NTVmN2MzMzViOGNjODY1IiwidGFnIjoiIn0%3D,fundacionwiese.org,/,1728465258,False,True,Lax,342,Apache/2.4.37 (Red Hat Enterprise Linux) OpenSSL/1.1.1k,No Data,No Data,No Data,Yes
fundacionwiese.org,XSRF-TOKEN,eyJpdiI6IldOdEZ6L25ta0ZkTTM4SEtBVkxDZlE9PSIsInZhbHVlIjoiRU1hVGY1dllMODJVb2tzaktGTmpyUi82VFJNWVNQWTJFZVgyNXNrV0t2YjBEUTRjSEp4MGIrUXY0eWk0NVJQbEZCS0R4UkE1b3kxL0gxaEVSaTZYZTc4QitkYmxNQzJmclh3OG5XcmJYU2w1ZitFY1BEYTBUc1M4ZWxOUTBYQW0iLCJtYWMiOiJlOTc5NTA5ODRmNGY2NzQxZGEyZjIyYmE4YjIwM2ZiOWQ4N2VkN2NiNTY3Y2E5MjVmZWQ5NWM3ZTlhZjFhYmFkIiwidGFnIjoiIn0%3D,fundacionwiese.org,/,1728465258,False,False,Lax,342,Apache/2.4.37 (Red Hat Enterprise Linux) OpenSSL/1.1.1k,No Data,No Data,No Data,Yes
cuzcoeats.com,__eoi,ID=f39b87439d66f217:T=1728458069:RT=1728458069:S=AA-AfjYdsLbh_Tjsj5x6wy5tAkXz,.cuzcoeats.com,/,1744010069,True,False,None,77,nginx,No Data,No Data,No Data,Yes
cuzcoeats.com,__gpi,UID=00000f26b99e9701:T=1728458069:RT=1728458069:S=ALNI_MZXhLZwIk7502q1Pnhh6FDMo14c8Q,.cuzcoeats.com,/,1762154069,True,False,None,84,nginx,No Data,No Data,No Data,Yes
cuzcoeats.com,_gid,GA1.2.1015291800.1728458069,.cuzcoeats.com,/,1728544469,False,False,Lax,27,nginx,No Data,No Data,No Data,Yes
cuzcoeats.com,_ga,GA1.2.2083179870.1728458069,.cuzcoeats.com,/,1763018069,False,False,Lax,27,nginx,No Data,No Data,No Data,Yes
cuzcoeats.com,wp-wpml_current_language,en,cuzcoeats.com,/,1728544467,False,False,Lax,2,nginx,No Data,No Data,No Data,Yes
cuzcoeats.com,_gat_gtag_UA_21180816_1,1,.cuzcoeats.com,/,1728458129,False,False,Lax,1,nginx,No Data,No Data,No Data,Yes
cuzcoeats.com,__gads,ID=654b075426b198be:T=1728458069:RT=1728458069:S=ALNI_MZ3gczRx79r2ezIDeEoKK6soobXwQ,.cuzcoeats.com,/,1762154069,True,False,None,83,nginx,No Data,No Data,No Data,Yes
cuzcoeats.com,_ga_8D1Y17BYMB,GS1.1.1728458068.1.0.1728458068.0.0.0,.cuzcoeats.com,/,1763018068,False,False,Lax,37,nginx,No Data,No Data,No Data,Yes
gymdo.pe,sbjs_session,pgs%3D1%7C%7C%7Ccpg%3Dhttps%3A%2F%2Fgymdo.pe%2Fwp%2F,.gymdo.pe,/,1728459878,False,False,Lax,52,Apache/2,No Data,No Data,No Data,Yes
gymdo.pe,sbjs_udata,vst%3D1%7C%7C%7Cuip%3D%28none%29%7C%7C%7Cuag%3DMozilla%2F5.0%20%28X11%3B%20Linux%20x86_64%29%20AppleWebKit%2F537.36%20%28KHTML%2C%20like%20Gecko%29%20HeadlessChrome%2F129.0.0.0%20Safari%2F537.36,.gymdo.pe,/,,False,False,Lax,194,Apache/2,No Data,No Data,No Data,Yes
gymdo.pe,sbjs_current,typ%3Dtypein%7C%7C%7Csrc%3D%28direct%29%7C%7C%7Cmdm%3D%28none%29%7C%7C%7Ccmp%3D%28none%29%7C%7C%7Ccnt%3D%28none%29%7C%7C%7Ctrm%3D%28none%29%7C%7C%7Cid%3D%28none%29%7C%7C%7Cplt%3D%28none%29%7C%7C%7Cfmt%3D%28none%29%7C%7C%7Ctct%3D%28none%29,.gymdo.pe,/,,False,False,Lax,238,Apache/2,No Data,No Data,No Data,Yes
gymdo.pe,sbjs_first,typ%3Dtypein%7C%7C%7Csrc%3D%28direct%29%7C%7C%7Cmdm%3D%28none%29%7C%7C%7Ccmp%3D%28none%29%7C%7C%7Ccnt%3D%28none%29%7C%7C%7Ctrm%3D%28none%29%7C%7C%7Cid%3D%28none%29%7C%7C%7Cplt%3D%28none%29%7C%7C%7Cfmt%3D%28none%29%7C%7C%7Ctct%3D%28none%29,.gymdo.pe,/,,False,False,Lax,238,Apache/2,No Data,No Data,No Data,Yes
gymdo.pe,sbjs_migrations,1418474375998%3D1,.gymdo.pe,/,,False,False,Lax,17,Apache/2,No Data,No Data,No Data,Yes
gymdo.pe,sbjs_current_add,fd%3D2024-10-09%2007%3A14%3A38%7C%7C%7Cep%3Dhttps%3A%2F%2Fgymdo.pe%2Fwp%2F%7C%7C%7Crf%3D%28none%29,.gymdo.pe,/,,False,False,Lax,98,Apache/2,No Data,No Data,No Data,Yes
gymdo.pe,sbjs_first_add,fd%3D2024-10-09%2007%3A14%3A38%7C%7C%7Cep%3Dhttps%3A%2F%2Fgymdo.pe%2Fwp%2F%7C%7C%7Crf%3D%28none%29,.gymdo.pe,/,,False,False,Lax,98,Apache/2,No Data,No Data,No Data,Yes
drimer.pe,conv_session,"{""start"":1728458100,""shown"":[],""startUrl"":""https://www.drimer.pe/"",""referrer"":"""",""expires"":1728459901,""isNew"":true,""pageViews"":1}",www.drimer.pe,/,1763018101,True,False,None,129,No Data,max-age=15552000,SAMEORIGIN,No Data,Yes
drimer.pe,_clck,7s7vee%7C2%7Cfpv%7C0%7C1743,.drimer.pe,/,1759994101,False,False,Lax,27,No Data,max-age=15552000,SAMEORIGIN,No Data,Yes
drimer.pe,vtex_session,eyJhbGciOiJFUzI1NiIsImtpZCI6IjE3NkJCOTU0MEJBNzEwREMyNjEzNTZGRkIxQzExNkQwRTg3NTE0NzUiLCJ0eXAiOiJqd3QifQ.eyJhY2NvdW50LmlkIjoiZDFhOGE4MzAtNGM0Ny00MDc4LWJjZTAtY2Y1ZWQ2OTIyNjZjIiwiaWQiOiI1N2QzZGE4NC1jODE0LTQ3MDItYjc4Ni01ZGE0MGE5NTFjNzEiLCJ2ZXJzaW9uIjoyLCJzdWIiOiJzZXNzaW9uIiwiYWNjb3VudCI6InNlc3Npb24iLCJleHAiOjE3MjkxNDkzMDEsImlhdCI6MTcyODQ1ODEwMSwiaXNzIjoidG9rZW4tZW1pdHRlciIsImp0aSI6IjNjMDgyMzMxLTJkNzUtNDg1Zi05NTkyLWY4Mjg4YTE4ZWNhNCJ9.aS7wHR6yNZfStOzFK633ucYDJh3th3b_yxr5b4QPs7mabA5UYT_FeeyuWB0poG6cuKfxkdGbI7ooaHD1P8vN_w,www.drimer.pe,/,1728890101,True,True,Lax,518,No Data,max-age=15552000,SAMEORIGIN,No Data,Yes
drimer.pe,_ga,GA1.1.155915358.1728458100,.drimer.pe,/,1763018100,False,False,Lax,26,No Data,max-age=15552000,SAMEORIGIN,No Data,Yes
drimer.pe,_ga_T37S6XSY5P,GS1.1.1728458100.1.0.1728458100.60.0.25095665,.drimer.pe,/,1763018100,False,False,Lax,45,No Data,max-age=15552000,SAMEORIGIN,No Data,Yes
drimer.pe,_gid,GA1.2.1922592462.1728458100,.drimer.pe,/,1728544500,False,False,Lax,27,No Data,max-age=15552000,SAMEORIGIN,No Data,Yes
drimer.pe,vtex_segment,eyJjYW1wYWlnbnMiOm51bGwsImNoYW5uZWwiOiIxIiwicHJpY2VUYWJsZXMiOm51bGwsInJlZ2lvbklkIjpudWxsLCJ1dG1fY2FtcGFpZ24iOm51bGwsInV0bV9zb3VyY2UiOm51bGwsInV0bWlfY2FtcGFpZ24iOm51bGwsImN1cnJlbmN5Q29kZSI6IlBFTiIsImN1cnJlbmN5U3ltYm9sIjoiUy8iLCJjb3VudHJ5Q29kZSI6IlBFUiIsImN1bHR1cmVJbmZvIjoiZXMtUEUiLCJhZG1pbl9jdWx0dXJlSW5mbyI6ImVzLVBFIiwiY2hhbm5lbFByaXZhY3kiOiJwdWJsaWMifQ,www.drimer.pe,/,1728890101,True,True,Lax,354,No Data,max-age=15552000,SAMEORIGIN,No Data,Yes
drimer.pe,_dc_gtm_UA-114616646-1,1,.drimer.pe,/,1728458160,False,False,Lax,1,No Data,max-age=15552000,SAMEORIGIN,No Data,Yes
drimer.pe,_gcl_au,1.1.1763763618.1728458100,.drimer.pe,/,1736234100,False,False,Lax,25,No Data,max-age=15552000,SAMEORIGIN,No Data,Yes
drimer.pe,VtexRCMacIdv7,bcd314d4-e161-43e6-9189-d80dae549a89,.www.drimer.pe,/,1759994100,False,False,Lax,36,No Data,max-age=15552000,SAMEORIGIN,No Data,Yes
drimer.pe,conv_person,"{""$visitNum"":1,""$fvDate"":1728458100}",www.drimer.pe,/,1763018100,True,False,None,36,No Data,max-age=15552000,SAMEORIGIN,No Data,Yes
drimer.pe,VtexWorkspace,master%3A-,www.drimer.pe,/,1728544498,True,False,None,10,No Data,max-age=15552000,SAMEORIGIN,No Data,Yes
drimer.pe,VtexRCSessionIdv7,30561adb-f551-4fef-aa76-591aab6ec2ab,.www.drimer.pe,/,1728459900,False,False,Lax,36,No Data,max-age=15552000,SAMEORIGIN,No Data,Yes
drimer.pe,janus_sid,a607c119-1f1e-4e84-9965-90cddb256d93,.www.drimer.pe,/,1728717270,False,False,Lax,36,No Data,max-age=15552000,SAMEORIGIN,No Data,Yes
lacuisine.pe,sbjs_session,pgs%3D1%7C%7C%7Ccpg%3Dhttps%3A%2F%2Fwww.lacuisine.pe%2Flgc%2F,.lacuisine.pe,/,1728459910,False,False,Lax,61,Apache,No Data,No Data,No Data,Yes
lacuisine.pe,sbjs_udata,vst%3D1%7C%7C%7Cuip%3D%28none%29%7C%7C%7Cuag%3DMozilla%2F5.0%20%28X11%3B%20Linux%20x86_64%29%20AppleWebKit%2F537.36%20%28KHTML%2C%20like%20Gecko%29%20HeadlessChrome%2F129.0.0.0%20Safari%2F537.36,.lacuisine.pe,/,,False,False,Lax,194,Apache,No Data,No Data,No Data,Yes
lacuisine.pe,sbjs_first,typ%3Dtypein%7C%7C%7Csrc%3D%28direct%29%7C%7C%7Cmdm%3D%28none%29%7C%7C%7Ccmp%3D%28none%29%7C%7C%7Ccnt%3D%28none%29%7C%7C%7Ctrm%3D%28none%29%7C%7C%7Cid%3D%28none%29%7C%7C%7Cplt%3D%28none%29%7C%7C%7Cfmt%3D%28none%29%7C%7C%7Ctct%3D%28none%29,.lacuisine.pe,/,,False,False,Lax,238,Apache,No Data,No Data,No Data,Yes
lacuisine.pe,sbjs_current,typ%3Dtypein%7C%7C%7Csrc%3D%28direct%29%7C%7C%7Cmdm%3D%28none%29%7C%7C%7Ccmp%3D%28none%29%7C%7C%7Ccnt%3D%28none%29%7C%7C%7Ctrm%3D%28none%29%7C%7C%7Cid%3D%28none%29%7C%7C%7Cplt%3D%28none%29%7C%7C%7Cfmt%3D%28none%29%7C%7C%7Ctct%3D%28none%29,.lacuisine.pe,/,,False,False,Lax,238,Apache,No Data,No Data,No Data,Yes
lacuisine.pe,sbjs_first_add,fd%3D2024-10-09%2007%3A15%3A10%7C%7C%7Cep%3Dhttps%3A%2F%2Fwww.lacuisine.pe%2Flgc%2F%7C%7C%7Crf%3D%28none%29,.lacuisine.pe,/,,False,False,Lax,107,Apache,No Data,No Data,No Data,Yes
lacuisine.pe,sbjs_current_add,fd%3D2024-10-09%2007%3A15%3A10%7C%7C%7Cep%3Dhttps%3A%2F%2Fwww.lacuisine.pe%2Flgc%2F%7C%7C%7Crf%3D%28none%29,.lacuisine.pe,/,,False,False,Lax,107,Apache,No Data,No Data,No Data,Yes
lacuisine.pe,_ga,GA1.1.1969800955.1728458110,.lacuisine.pe,/,1763018110,False,False,Lax,27,Apache,No Data,No Data,No Data,Yes
lacuisine.pe,sib_cuid,8e3a7c40-bec2-4310-acf0-a50c8bb6d749,.www.lacuisine.pe,/,1744175709,False,False,Lax,36,Apache,No Data,No Data,No Data,Yes
lacuisine.pe,sbjs_migrations,1418474375998%3D1,.lacuisine.pe,/,,False,False,Lax,17,Apache,No Data,No Data,No Data,Yes
lacuisine.pe,_ga_THRXJX43XR,GS1.1.1728458110.1.0.1728458111.0.0.0,.lacuisine.pe,/,1763018111,False,False,Lax,37,Apache,No Data,No Data,No Data,Yes
lacuisine.pe,_fbp,fb.1.1728458110181.188644354129588216,.lacuisine.pe,/,1736234110,False,False,Lax,37,Apache,No Data,No Data,No Data,Yes
jchllantas.com.pe,_ga_EPCPW94JPP,GS1.1.1728458123.1.0.1728458123.60.0.641517592,.jchllantas.com.pe,/,1763018123,False,False,Lax,46,cloudflare,No Data,No Data,No Data,Yes
jchllantas.com.pe,_ga,GA1.1.584196785.1728458124,.jchllantas.com.pe,/,1763018123,False,False,Lax,26,cloudflare,No Data,No Data,No Data,Yes
jchllantas.com.pe,_gcl_au,1.1.1217368006.1728458123,.jchllantas.com.pe,/,1736234122,False,False,Lax,25,cloudflare,No Data,No Data,No Data,Yes
jchllantas.com.pe,_fbp,fb.2.1728458122781.256224753626757447,.jchllantas.com.pe,/,1736234122,False,False,Lax,37,cloudflare,No Data,No Data,No Data,Yes
jchllantas.com.pe,PHPSESSID,92055af91ddd757928dcd59391fca5e6,jchllantas.com.pe,/,,False,False,Lax,32,cloudflare,No Data,No Data,No Data,Yes
jchllantas.com.pe,wmc_ip_info,eyJjb3VudHJ5IjoiVVMiLCJjdXJyZW5jeV9jb2RlIjoiVVNEIn0%3D,jchllantas.com.pe,/,1728544520,False,False,Lax,54,cloudflare,No Data,No Data,No Data,Yes
jchllantas.com.pe,wmc_current_currency_old,USD,jchllantas.com.pe,/,1728544520,False,False,Lax,3,cloudflare,No Data,No Data,No Data,Yes
jchllantas.com.pe,wmc_current_currency,USD,jchllantas.com.pe,/,1728544520,False,False,Lax,3,cloudflare,No Data,No Data,No Data,Yes
pulsosalud.com,_clsk,iqxkh0%7C1728458148436%7C1%7C1%7Cl.clarity.ms%2Fcollect,.pulsosalud.com,/,1728544548,False,False,Lax,55,Apache/2.4.61 (),max-age=31536000; includeSubDomains; preload,DENY,default-src *; script-src * 'unsafe-inline' 'unsafe-eval' https://gc.kes.v2.scr.kaspersky-labs.com wss://gc.kes.v2.scr.kaspersky-labs.com blob:; style-src * 'unsafe-inline'; img-src * data:; font-src * data:; frame-src *; connect-src *; media-src *; object-src *; worker-src blob:;,Yes
pulsosalud.com,_clck,83p3u1%7C2%7Cfpv%7C0%7C1743,.pulsosalud.com,/,1759994147,False,False,Lax,27,Apache/2.4.61 (),max-age=31536000; includeSubDomains; preload,DENY,default-src *; script-src * 'unsafe-inline' 'unsafe-eval' https://gc.kes.v2.scr.kaspersky-labs.com wss://gc.kes.v2.scr.kaspersky-labs.com blob:; style-src * 'unsafe-inline'; img-src * data:; font-src * data:; frame-src *; connect-src *; media-src *; object-src *; worker-src blob:;,Yes
pulsosalud.com,_ga,GA1.1.506923335.1728458147,.pulsosalud.com,/,1763018147,False,False,Lax,26,Apache/2.4.61 (),max-age=31536000; includeSubDomains; preload,DENY,default-src *; script-src * 'unsafe-inline' 'unsafe-eval' https://gc.kes.v2.scr.kaspersky-labs.com wss://gc.kes.v2.scr.kaspersky-labs.com blob:; style-src * 'unsafe-inline'; img-src * data:; font-src * data:; frame-src *; connect-src *; media-src *; object-src *; worker-src blob:;,Yes
pulsosalud.com,_ga_4SSKWMLJFP,GS1.1.1728458147.1.0.1728458147.0.0.0,.pulsosalud.com,/,1763018147,False,False,Lax,37,Apache/2.4.61 (),max-age=31536000; includeSubDomains; preload,DENY,default-src *; script-src * 'unsafe-inline' 'unsafe-eval' https://gc.kes.v2.scr.kaspersky-labs.com wss://gc.kes.v2.scr.kaspersky-labs.com blob:; style-src * 'unsafe-inline'; img-src * data:; font-src * data:; frame-src *; connect-src *; media-src *; object-src *; worker-src blob:;,Yes
pulsosalud.com,ip2location_redirection_first_visit,1728458146%3Bb1a429c9c08a796a6068d87968a69704,pulsosalud.com,/,1728544546,True,True,Lax,45,Apache/2.4.61 (),max-age=31536000; includeSubDomains; preload,DENY,default-src *; script-src * 'unsafe-inline' 'unsafe-eval' https://gc.kes.v2.scr.kaspersky-labs.com wss://gc.kes.v2.scr.kaspersky-labs.com blob:; style-src * 'unsafe-inline'; img-src * data:; font-src * data:; frame-src *; connect-src *; media-src *; object-src *; worker-src blob:;,Yes
martin.com.pe,_ga,GA1.1.1392768637.1728458158,.martin.com.pe,/,1763018157,False,False,Lax,27,No Data,No Data,No Data,No Data,Yes
martin.com.pe,_ga_V4W5PCWNE2,GS1.1.1728458157.1.0.1728458157.0.0.0,.martin.com.pe,/,1763018157,False,False,Lax,37,No Data,No Data,No Data,No Data,Yes
martin.com.pe,PrestaShop-5eac59511f9d18838fcab079087fe9b4,def502000af07bd10e507f557eceae088e1b8c64cee2d5bfc40146d8bab29c6803972cb8ab6008c25f65aa35a4b0bfc25d26de45d7cd240e25884045d99b4600439fb354d5466ef79d5a32183d2db15d05fc28887e9aef426a23fb2070093297a73b3031ed9d6aa66c4c0e943a29b6781b0864ac57904885c9d3b7c722ebc48ba6aa97d00cc52783ced5f5225520fc652209e19acc96b9043a42875517d049552338b0b705dd4ed875034c237efd8c41d241fb1bc0e3b62213cbf90d709b468b8f7453b7b246038134,.martin.com.pe,/,1741418154,True,True,Lax,402,No Data,No Data,No Data,No Data,Yes
martin.com.pe,PHPSESSID,433b1996558e753dfc2d011145eb8fa7,martin.com.pe,/,,True,False,Lax,32,No Data,No Data,No Data,No Data,Yes
oxfordstore.pe,wp_ga4_customerGroup,NOT%20LOGGED%20IN,.oxfordstore.pe,/,1759994192,False,False,Lax,17,cloudflare,No Data,"SAMEORIGIN, SAMEORIGIN",No Data,Yes
oxfordstore.pe,PHPSESSID,8c0dae903dbd9d8d7dbb7db26ce3d16d,.oxfordstore.pe,/,1732058192,True,True,Lax,32,cloudflare,No Data,"SAMEORIGIN, SAMEORIGIN",No Data,Yes
inversionsimple.com,_ga,GA1.2.969114275.1728458201,.inversionsimple.com,/,1763018201,False,False,Lax,26,No Data,No Data,No Data,No Data,Yes
inversionsimple.com,_ga_RC7YJDQSST,GS1.1.1728458201.1.0.1728458201.60.0.0,.inversionsimple.com,/,1763018201,False,False,Lax,38,No Data,No Data,No Data,No Data,Yes
inversionsimple.com,sbjs_session,pgs%3D1%7C%7C%7Ccpg%3Dhttps%3A%2F%2Fwww.inversionsimple.com%2F,.inversionsimple.com,/,1728460001,False,False,Lax,62,No Data,No Data,No Data,No Data,Yes
inversionsimple.com,sbjs_udata,vst%3D1%7C%7C%7Cuip%3D%28none%29%7C%7C%7Cuag%3DMozilla%2F5.0%20%28X11%3B%20Linux%20x86_64%29%20AppleWebKit%2F537.36%20%28KHTML%2C%20like%20Gecko%29%20HeadlessChrome%2F129.0.0.0%20Safari%2F537.36,.inversionsimple.com,/,,False,False,Lax,194,No Data,No Data,No Data,No Data,Yes
inversionsimple.com,sbjs_first,typ%3Dtypein%7C%7C%7Csrc%3D%28direct%29%7C%7C%7Cmdm%3D%28none%29%7C%7C%7Ccmp%3D%28none%29%7C%7C%7Ccnt%3D%28none%29%7C%7C%7Ctrm%3D%28none%29%7C%7C%7Cid%3D%28none%29%7C%7C%7Cplt%3D%28none%29%7C%7C%7Cfmt%3D%28none%29%7C%7C%7Ctct%3D%28none%29,.inversionsimple.com,/,,False,False,Lax,238,No Data,No Data,No Data,No Data,Yes
inversionsimple.com,sbjs_current_add,fd%3D2024-10-09%2007%3A16%3A41%7C%7C%7Cep%3Dhttps%3A%2F%2Fwww.inversionsimple.com%2F%7C%7C%7Crf%3D%28none%29,.inversionsimple.com,/,,False,False,Lax,108,No Data,No Data,No Data,No Data,Yes
inversionsimple.com,sbjs_first_add,fd%3D2024-10-09%2007%3A16%3A41%7C%7C%7Cep%3Dhttps%3A%2F%2Fwww.inversionsimple.com%2F%7C%7C%7Crf%3D%28none%29,.inversionsimple.com,/,,False,False,Lax,108,No Data,No Data,No Data,No Data,Yes
inversionsimple.com,sbjs_migrations,1418474375998%3D1,.inversionsimple.com,/,,False,False,Lax,17,No Data,No Data,No Data,No Data,Yes
inversionsimple.com,_gid,GA1.2.1072095987.1728458201,.inversionsimple.com,/,1728544601,False,False,Lax,27,No Data,No Data,No Data,No Data,Yes
inversionsimple.com,sbjs_current,typ%3Dtypein%7C%7C%7Csrc%3D%28direct%29%7C%7C%7Cmdm%3D%28none%29%7C%7C%7Ccmp%3D%28none%29%7C%7C%7Ccnt%3D%28none%29%7C%7C%7Ctrm%3D%28none%29%7C%7C%7Cid%3D%28none%29%7C%7C%7Cplt%3D%28none%29%7C%7C%7Cfmt%3D%28none%29%7C%7C%7Ctct%3D%28none%29,.inversionsimple.com,/,,False,False,Lax,238,No Data,No Data,No Data,No Data,Yes
inversionsimple.com,mailchimp_landing_site,https%3A%2F%2Fwww.inversionsimple.com%2F,www.inversionsimple.com,/,1730877400,True,False,Strict,40,No Data,No Data,No Data,No Data,Yes
koketa.com,13ae6132fd991978b0d06f1b55866d6e,def50200dd1093f6619626613586b00e9eaa05f3917ccdbe85f1711a368514dc6da29c2a247a0eec8a7cd40884664d0723decf08e2911f8449a03bad2ff438fca11847aad9c5bbe6d981576bf700c768347482b820aa14d1f0106829070895da30afbcf5e2627cb9e52f25e0d449f661baf14f0c880d90b71a9769b65982e5838accb54de725df47e832a13e57d0d2c264ed626ae0a39cfc01b8121e682fc0,.koketa.com,/,1728472607,True,True,Lax,318,Apache,No Data,No Data,No Data,Yes
koketa.com,PHPSESSID,87e842308f4df5863a58dd2fda03cb78,koketa.com,/,,False,False,Lax,32,Apache,No Data,No Data,No Data,Yes
tikafarma.com,_gcl_au,1.1.498531962.1728458216,.tikafarma.com,/,1736234215,False,False,Lax,24,cloudflare,max-age=7889238,DENY,block-all-mixed-content; frame-ancestors 'none'; upgrade-insecure-requests;,Yes
tikafarma.com,_fbp,fb.1.1728458215561.730443624878015241,.tikafarma.com,/,1736234215,False,False,Lax,37,cloudflare,max-age=7889238,DENY,block-all-mixed-content; frame-ancestors 'none'; upgrade-insecure-requests;,Yes
tikafarma.com,_ga,GA1.1.1758147148.1728458215,.tikafarma.com,/,1763018216,False,False,Lax,27,cloudflare,max-age=7889238,DENY,block-all-mixed-content; frame-ancestors 'none'; upgrade-insecure-requests;,Yes
tikafarma.com,_ga_9N0P5XBZEK,GS1.1.1728458215.1.0.1728458215.0.0.0,.tikafarma.com,/,1763018215,False,False,Lax,37,cloudflare,max-age=7889238,DENY,block-all-mixed-content; frame-ancestors 'none'; upgrade-insecure-requests;,Yes
tikafarma.com,keep_alive,93d2760f-ee82-4084-84cb-8b9ec7bd3e4f,tikafarma.com,/,1728460015,False,True,Lax,36,cloudflare,max-age=7889238,DENY,block-all-mixed-content; frame-ancestors 'none'; upgrade-insecure-requests;,Yes
tikafarma.com,secure_customer_sig,,tikafarma.com,/,1759994215,True,True,Lax,0,cloudflare,max-age=7889238,DENY,block-all-mixed-content; frame-ancestors 'none'; upgrade-insecure-requests;,Yes
tikafarma.com,_shopify_s,a6c68ce1-8dab-46eb-afc4-98a5bf6044ef,.tikafarma.com,/,1728460015,False,False,Lax,36,cloudflare,max-age=7889238,DENY,block-all-mixed-content; frame-ancestors 'none'; upgrade-insecure-requests;,Yes
tikafarma.com,_gid,GA1.2.1657063148.1728458215,.tikafarma.com,/,1728544614,False,False,Lax,27,cloudflare,max-age=7889238,DENY,block-all-mixed-content; frame-ancestors 'none'; upgrade-insecure-requests;,Yes
tikafarma.com,_shopify_essential,:AZJwI06hAAH__gCeHWUvVXEKayf-BGzvurC8vscuD94clq2gWvNXFUMbgejxAMTkb0lpLuHEZz644tMpeIKAQiIJ2dyy23DTl-8hIXCIRWgCiFvtrtFSufKpdfVf:,tikafarma.com,/,1759994215,True,False,Lax,126,cloudflare,max-age=7889238,DENY,block-all-mixed-content; frame-ancestors 'none'; upgrade-insecure-requests;,Yes
tikafarma.com,_landing_page,%2F,.tikafarma.com,/,1729667814,False,True,Lax,3,cloudflare,max-age=7889238,DENY,block-all-mixed-content; frame-ancestors 'none'; upgrade-insecure-requests;,Yes
tikafarma.com,_gat,1,.tikafarma.com,/,1728458274,False,False,Lax,1,cloudflare,max-age=7889238,DENY,block-all-mixed-content; frame-ancestors 'none'; upgrade-insecure-requests;,Yes
tikafarma.com,_shopify_y,f0390a10-dd4d-45a5-b458-7b3597bf4972,.tikafarma.com,/,1759994215,False,False,Lax,36,cloudflare,max-age=7889238,DENY,block-all-mixed-content; frame-ancestors 'none'; upgrade-insecure-requests;,Yes
tikafarma.com,_orig_referrer,,.tikafarma.com,/,1729667814,False,True,Lax,0,cloudflare,max-age=7889238,DENY,block-all-mixed-content; frame-ancestors 'none'; upgrade-insecure-requests;,Yes
tikafarma.com,_shopify_sa_t,2024-10-09T07%3A16%3A54.517Z,.tikafarma.com,/,1728460014,False,False,Lax,28,cloudflare,max-age=7889238,DENY,block-all-mixed-content; frame-ancestors 'none'; upgrade-insecure-requests;,Yes
tikafarma.com,_cmp_a,%7B%22purposes%22%3A%7B%22a%22%3Atrue%2C%22p%22%3Atrue%2C%22m%22%3Atrue%2C%22t%22%3Atrue%7D%2C%22display_banner%22%3Afalse%2C%22sale_of_data_region%22%3Afalse%7D,.tikafarma.com,/,1728544615,False,False,Lax,161,cloudflare,max-age=7889238,DENY,block-all-mixed-content; frame-ancestors 'none'; upgrade-insecure-requests;,Yes
tikafarma.com,_tracking_consent,%7B%22con%22%3A%7B%22CMP%22%3A%7B%22a%22%3A%22%22%2C%22m%22%3A%22%22%2C%22p%22%3A%22%22%2C%22s%22%3A%22%22%7D%7D%2C%22v%22%3A%222.1%22%2C%22region%22%3A%22PELMA%22%2C%22reg%22%3A%22%22%2C%22purposes%22%3A%7B%22a%22%3Atrue%2C%22p%22%3Atrue%2C%22m%22%3Atrue%2C%22t%22%3Atrue%7D%2C%22display_banner%22%3Afalse%2C%22sale_of_data_region%22%3Afalse%7D,.tikafarma.com,/,1759994214,False,False,Lax,345,cloudflare,max-age=7889238,DENY,block-all-mixed-content; frame-ancestors 'none'; upgrade-insecure-requests;,Yes
tikafarma.com,_shopify_sa_p,,.tikafarma.com,/,1728460014,False,False,Lax,0,cloudflare,max-age=7889238,DENY,block-all-mixed-content; frame-ancestors 'none'; upgrade-insecure-requests;,Yes
tikafarma.com,_ga_H1947CMTHM,GS1.1.1728458216.1.0.1728458216.0.0.0,.tikafarma.com,/,1763018216,False,False,Lax,37,cloudflare,max-age=7889238,DENY,block-all-mixed-content; frame-ancestors 'none'; upgrade-insecure-requests;,Yes
tikafarma.com,localization,PE,tikafarma.com,/,1759994215,False,False,Lax,2,cloudflare,max-age=7889238,DENY,block-all-mixed-content; frame-ancestors 'none'; upgrade-insecure-requests;,Yes
vitapointperu.com,_fbp,fb.1.1728458225131.7350121522,.vitapointperu.com,/,1736234225,False,False,Lax,29,nginx/1.18.0,No Data,No Data,No Data,Yes
vitapointperu.com,last_pysTrafficSource,direct,www.vitapointperu.com,/,1729063025,False,False,Lax,6,nginx/1.18.0,No Data,No Data,No Data,Yes
vitapointperu.com,pys_landing_page,https://www.vitapointperu.com/,www.vitapointperu.com,/,1729063024,False,False,Lax,30,nginx/1.18.0,No Data,No Data,No Data,Yes
vitapointperu.com,pysTrafficSource,direct,www.vitapointperu.com,/,1729063024,False,False,Lax,6,nginx/1.18.0,No Data,No Data,No Data,Yes
vitapointperu.com,last_pys_landing_page,https://www.vitapointperu.com/,www.vitapointperu.com,/,1729063025,False,False,Lax,30,nginx/1.18.0,No Data,No Data,No Data,Yes
vitapointperu.com,pys_first_visit,true,www.vitapointperu.com,/,1729063024,False,False,Lax,4,nginx/1.18.0,No Data,No Data,No Data,Yes
vitapointperu.com,_gcl_au,1.1.1821967438.1728458224,.vitapointperu.com,/,1736234224,False,False,Lax,25,nginx/1.18.0,No Data,No Data,No Data,Yes
vitapointperu.com,pys_session_limit,true,www.vitapointperu.com,/,1728461824,False,False,Lax,4,nginx/1.18.0,No Data,No Data,No Data,Yes
vitapointperu.com,pys_start_session,true,www.vitapointperu.com,/,,False,False,Lax,4,nginx/1.18.0,No Data,No Data,No Data,Yes
vitapointperu.com,sbjs_udata,vst%3D1%7C%7C%7Cuip%3D%28none%29%7C%7C%7Cuag%3DMozilla%2F5.0%20%28X11%3B%20Linux%20x86_64%29%20AppleWebKit%2F537.36%20%28KHTML%2C%20like%20Gecko%29%20HeadlessChrome%2F129.0.0.0%20Safari%2F537.36,.vitapointperu.com,/,,False,False,Lax,194,nginx/1.18.0,No Data,No Data,No Data,Yes
vitapointperu.com,sbjs_migrations,1418474375998%3D1,.vitapointperu.com,/,,False,False,Lax,17,nginx/1.18.0,No Data,No Data,No Data,Yes
vitapointperu.com,_ga,GA1.1.1104002346.1728458225,.vitapointperu.com,/,1763018224,False,False,Lax,27,nginx/1.18.0,No Data,No Data,No Data,Yes
vitapointperu.com,sbjs_first_add,fd%3D2024-10-09%2007%3A17%3A04%7C%7C%7Cep%3Dhttps%3A%2F%2Fwww.vitapointperu.com%2F%7C%7C%7Crf%3D%28none%29,.vitapointperu.com,/,,False,False,Lax,106,nginx/1.18.0,No Data,No Data,No Data,Yes
vitapointperu.com,sbjs_current_add,fd%3D2024-10-09%2007%3A17%3A04%7C%7C%7Cep%3Dhttps%3A%2F%2Fwww.vitapointperu.com%2F%7C%7C%7Crf%3D%28none%29,.vitapointperu.com,/,,False,False,Lax,106,nginx/1.18.0,No Data,No Data,No Data,Yes
vitapointperu.com,_fbp,fb.1.1728458225131.7350121522,www.vitapointperu.com,/,1729063025,False,False,Lax,29,nginx/1.18.0,No Data,No Data,No Data,Yes
vitapointperu.com,_ga_9306DC6MJ3,GS1.1.1728458224.1.0.1728458224.60.0.0,.vitapointperu.com,/,1763018224,False,False,Lax,38,nginx/1.18.0,No Data,No Data,No Data,Yes
vitapointperu.com,sbjs_first,typ%3Dtypein%7C%7C%7Csrc%3D%28direct%29%7C%7C%7Cmdm%3D%28none%29%7C%7C%7Ccmp%3D%28none%29%7C%7C%7Ccnt%3D%28none%29%7C%7C%7Ctrm%3D%28none%29%7C%7C%7Cid%3D%28none%29%7C%7C%7Cplt%3D%28none%29%7C%7C%7Cfmt%3D%28none%29%7C%7C%7Ctct%3D%28none%29,.vitapointperu.com,/,,False,False,Lax,238,nginx/1.18.0,No Data,No Data,No Data,Yes
vitapointperu.com,sbjs_current,typ%3Dtypein%7C%7C%7Csrc%3D%28direct%29%7C%7C%7Cmdm%3D%28none%29%7C%7C%7Ccmp%3D%28none%29%7C%7C%7Ccnt%3D%28none%29%7C%7C%7Ctrm%3D%28none%29%7C%7C%7Cid%3D%28none%29%7C%7C%7Cplt%3D%28none%29%7C%7C%7Cfmt%3D%28none%29%7C%7C%7Ctct%3D%28none%29,.vitapointperu.com,/,,False,False,Lax,238,nginx/1.18.0,No Data,No Data,No Data,Yes
vitapointperu.com,sbjs_session,pgs%3D1%7C%7C%7Ccpg%3Dhttps%3A%2F%2Fwww.vitapointperu.com%2F,.vitapointperu.com,/,1728460024,False,False,Lax,60,nginx/1.18.0,No Data,No Data,No Data,Yes
lamorapasteleria.com,_fbp,fb.1.1728458233195.115881066385117522,.lamorapasteleria.com,/,1736234233,False,False,Lax,37,cloudflare,max-age=7889238,DENY,block-all-mixed-content; frame-ancestors 'none'; upgrade-insecure-requests;,Yes
lamorapasteleria.com,_gat,1,.lamorapasteleria.com,/,1728458292,False,False,Lax,1,cloudflare,max-age=7889238,DENY,block-all-mixed-content; frame-ancestors 'none'; upgrade-insecure-requests;,Yes
lamorapasteleria.com,_ga,GA1.2.284198184.1728458232,.lamorapasteleria.com,/,1763018232,False,False,Lax,26,cloudflare,max-age=7889238,DENY,block-all-mixed-content; frame-ancestors 'none'; upgrade-insecure-requests;,Yes
lamorapasteleria.com,localization,PE,lamorapasteleria.com,/,1759994229,False,False,Lax,2,cloudflare,max-age=7889238,DENY,block-all-mixed-content; frame-ancestors 'none'; upgrade-insecure-requests;,Yes
lamorapasteleria.com,_shopify_sa_t,2024-10-09T07%3A17%3A11.771Z,.lamorapasteleria.com,/,1728460031,False,False,Lax,28,cloudflare,max-age=7889238,DENY,block-all-mixed-content; frame-ancestors 'none'; upgrade-insecure-requests;,Yes
lamorapasteleria.com,_ga_0BDM4K70HG,GS1.1.1728458231.1.1.1728458232.59.0.0,.lamorapasteleria.com,/,1763018232,False,False,Lax,38,cloudflare,max-age=7889238,DENY,block-all-mixed-content; frame-ancestors 'none'; upgrade-insecure-requests;,Yes
lamorapasteleria.com,_landing_page,%2F,.lamorapasteleria.com,/,1729667829,False,True,Lax,3,cloudflare,max-age=7889238,DENY,block-all-mixed-content; frame-ancestors 'none'; upgrade-insecure-requests;,Yes
lamorapasteleria.com,_orig_referrer,,.lamorapasteleria.com,/,1729667829,False,True,Lax,0,cloudflare,max-age=7889238,DENY,block-all-mixed-content; frame-ancestors 'none'; upgrade-insecure-requests;,Yes
lamorapasteleria.com,_gid,GA1.2.1881030490.1728458233,.lamorapasteleria.com,/,1728544632,False,False,Lax,27,cloudflare,max-age=7889238,DENY,block-all-mixed-content; frame-ancestors 'none'; upgrade-insecure-requests;,Yes
lamorapasteleria.com,_shopify_y,1619ad4b-012b-4634-a8d5-1d0cbf7fc5ae,.lamorapasteleria.com,/,1759994231,False,False,Lax,36,cloudflare,max-age=7889238,DENY,block-all-mixed-content; frame-ancestors 'none'; upgrade-insecure-requests;,Yes
lamorapasteleria.com,_shopify_s,bd030f22-12fe-4598-aa71-b41d6d2b5563,.lamorapasteleria.com,/,1728460031,False,False,Lax,36,cloudflare,max-age=7889238,DENY,block-all-mixed-content; frame-ancestors 'none'; upgrade-insecure-requests;,Yes
lamorapasteleria.com,secure_customer_sig,,lamorapasteleria.com,/,1759994231,True,True,Lax,0,cloudflare,max-age=7889238,DENY,block-all-mixed-content; frame-ancestors 'none'; upgrade-insecure-requests;,Yes
lamorapasteleria.com,_cmp_a,%7B%22purposes%22%3A%7B%22a%22%3Atrue%2C%22p%22%3Atrue%2C%22m%22%3Atrue%2C%22t%22%3Atrue%7D%2C%22display_banner%22%3Afalse%2C%22sale_of_data_region%22%3Afalse%7D,.lamorapasteleria.com,/,1728544629,False,False,Lax,161,cloudflare,max-age=7889238,DENY,block-all-mixed-content; frame-ancestors 'none'; upgrade-insecure-requests;,Yes
lamorapasteleria.com,_shopify_sa_p,,.lamorapasteleria.com,/,1728460031,False,False,Lax,0,cloudflare,max-age=7889238,DENY,block-all-mixed-content; frame-ancestors 'none'; upgrade-insecure-requests;,Yes
lamorapasteleria.com,_ga_DPNHHS7NRW,GS1.2.1728458233.1.0.1728458233.0.0.0,.lamorapasteleria.com,/,1763018233,False,False,Lax,37,cloudflare,max-age=7889238,DENY,block-all-mixed-content; frame-ancestors 'none'; upgrade-insecure-requests;,Yes
lamorapasteleria.com,_tracking_consent,%7B%22con%22%3A%7B%22CMP%22%3A%7B%22a%22%3A%22%22%2C%22m%22%3A%22%22%2C%22p%22%3A%22%22%2C%22s%22%3A%22%22%7D%7D%2C%22v%22%3A%222.1%22%2C%22region%22%3A%22PELMA%22%2C%22reg%22%3A%22%22%2C%22purposes%22%3A%7B%22a%22%3Atrue%2C%22p%22%3Atrue%2C%22m%22%3Atrue%2C%22t%22%3Atrue%7D%2C%22display_banner%22%3Afalse%2C%22sale_of_data_region%22%3Afalse%7D,.lamorapasteleria.com,/,1759994229,False,False,Lax,345,cloudflare,max-age=7889238,DENY,block-all-mixed-content; frame-ancestors 'none'; upgrade-insecure-requests;,Yes
lamorapasteleria.com,keep_alive,d9904cae-6443-4b47-a84f-9d9b1c417e5e,lamorapasteleria.com,/,1728460029,False,True,Lax,36,cloudflare,max-age=7889238,DENY,block-all-mixed-content; frame-ancestors 'none'; upgrade-insecure-requests;,Yes
elpozito.com.pe,_lr_hb_-id-elpozito-sem2-8-14-kckaf%2Fid-elpozito-sem2-8-14,{%22heartbeat%22:1728458237540},elpozito.com.pe,/,1728544637,False,False,Lax,31,AmazonS3,No Data,No Data,No Data,Yes
elpozito.com.pe,_lr_tabs_-id-elpozito-sem2-8-14-kckaf%2Fid-elpozito-sem2-8-14,{%22sessionID%22:0%2C%22recordingID%22:%225-c3453ae7-5bcb-483c-8a89-165474580d5d%22%2C%22lastActivity%22:1728458237533%2C%22hasActivity%22:false},elpozito.com.pe,/,1728544637,False,False,Lax,145,AmazonS3,No Data,No Data,No Data,Yes
elpozito.com.pe,_lr_uf_-id-elpozito-sem2-8-14-kckaf,7527ee76-9f9a-4774-8c83-599061643a62,elpozito.com.pe,/,,False,False,Lax,36,AmazonS3,No Data,No Data,No Data,Yes
elpozito.com.pe,_ga_YS1DE59QYT,GS1.1.1728458237.1.1.1728458237.60.0.1224513482,.elpozito.com.pe,/,1763018237,False,False,Lax,47,AmazonS3,No Data,No Data,No Data,Yes
elpozito.com.pe,_ga,GA1.1.890500348.1728458237,.elpozito.com.pe,/,1763018237,False,False,Lax,26,AmazonS3,No Data,No Data,No Data,Yes
naturaenergy.cl,_bsalemarket_session,UEJacWs4UGM4ZGE3N1pVK1VYck53aDRBcEVkd1lqVVpuZzc4Z1A1ZEh6V3R4RzhGVjJrYTg3dzZWakEwSE9mRnBtbytYK1Vxb0NmQy9reUMrdGhEbGZUYkNuQVNDcDNjMTJQaHVLaDVTdHdKUkE4dDh2SHdDeVBRSDBkRExCektoSnNqb3QwWFpON0dFRmV3TnE5UnBaTGx1YTBsajBvcGR1QlNLMkkrR1VzVkI0cnJDY1BlRC9Qb3ZJbDBDaDhsY09QaWE5Ky9QVy9MczNpNytEUjFsNVB5NWVYWnZuRzdWbktPM3R6ZzBsenVlY3VSNUdPYUtDMTYwS0FjNDVkS1dubzZaL2xic2F6Q0NNdW1UcEIralE3MXgrQUtsR0VjYWMzeFl1b2dGWWFWMmRKYTlyajk2VWdlVHgyQnluL01oRmEvYUhSRFFLODFnc2R2emJZY2Y0UllSdGFoUC92ejh6c1IzNmVRa0ZLMCtvSlNMbUFCaXRUdFdBNGZPWW9XbTI4MDd0NVQ3SXFGZk5ZWktxVDJ3djJ1d1ppQ1poUFlxV0d2QXNtWVo0TG9EYUZkcHJxc21NOXRMcFpsSTR1WDg3cVdjbURHYVcwb2xHMEFxaXZCazZRVWV1N05tbTNOSFVwemZ5UGltQ0ZLR0RTdVkwZzFJUGdtTXlPUGRNU3BCWVROcDN4M1BOWmlPUVJ0MW15bzZBPT0tLVprVkVFYi82QlpTMVhPcDh2anVacXc9PQ%3D%3D--b1621413092916467be6faa31f0c1afe4d306a9a,www.naturaenergy.cl,/,1728463643,False,True,Lax,798,No Data,max-age=31536000; includeSubDomains,ALLOW-FROM https://login.bsale.*,No Data,Yes
naturaenergy.cl,_gid,GA1.2.603355895.1728458243,.naturaenergy.cl,/,1728544643,False,False,Lax,26,No Data,max-age=31536000; includeSubDomains,ALLOW-FROM https://login.bsale.*,No Data,Yes
naturaenergy.cl,_ga,GA1.2.1882096403.1728458243,.naturaenergy.cl,/,1763018243,False,False,Lax,27,No Data,max-age=31536000; includeSubDomains,ALLOW-FROM https://login.bsale.*,No Data,Yes
naturaenergy.cl,_gat_gtag_UA_62353362_1,1,.naturaenergy.cl,/,1728458303,False,False,Lax,1,No Data,max-age=31536000; includeSubDomains,ALLOW-FROM https://login.bsale.*,No Data,Yes
